Category,Algorithm,Security_Level,Public_Key_Size_Bytes,Signature_Size_Bytes,Avg_Keygen_ms,Avg_Sign_ms,Avg_Verify_ms
Baseline (Classical),ECDSA (secp256k1),Classical 128-bit,88,70,0.501366000003145,0.5368689999886556,0.4397099999960119
Baseline (Classical),BLS12-381,Classical 128-bit,48,96,0.3827620000402021,87.47771900002135,331.6463190000013
PQ - Lattice,ML-DSA-44,NIST Level 2,1312,2420,0.5051269999921715,1.2213170000313767,0.37167599999065715
PQ - Lattice,ML-DSA-65,NIST Level 3,1952,3309,0.6383559999767385,1.69336999997995,0.6069069999875865
PQ - Lattice,ML-DSA-87,NIST Level 5,2592,4627,1.0512059999564372,2.5162929999942207,0.9889610000027461
PQ - Lattice,Falcon-512,NIST Level 1,897,653,28.70323899997402,1.8615669999780948,0.19538300002750475
PQ - Lattice,Falcon-1024,NIST Level 5,1793,1270,71.88818200001151,3.6941719999913403,0.3923140000051717
PQ - Hash-based,SLH_DSA_PURE_SHA2_128S,NIST Level 1,32,7856,422.5848340000084,3229.4043079999847,3.4393439999666953
