Category,Algorithm,Security_Level,Public_Key_Size_Bytes,Signature_Size_Bytes,Zero_Bytes,Non_Zero_Bytes,Avg_Keygen_ms,Avg_Sign_ms,Avg_Verify_ms
Baseline (Classical),ECDSA (secp256k1),Classical 128-bit,88,72,2,70,0.4939940000076603,0.5215989999214798,0.41311499997391365
Baseline (Classical),BLS12-381,Classical 128-bit,48,96,0,96,7.172495999921011,115.03966600002059,328.19377499998154
PQ - Lattice,ML-DSA-44,NIST Level 2,1312,2420,18,2402,0.3234150000298541,1.254728999992949,0.36031199998433294
PQ - Lattice,ML-DSA-65,NIST Level 3,1952,3309,30,3279,0.5706799999916257,1.9924140000239277,0.5907880000177101
PQ - Lattice,ML-DSA-87,NIST Level 5,2592,4627,23,4604,0.9156669999993028,2.3555349999605824,0.9747629999856144
PQ - Lattice,Falcon-512,NIST Level 1,897,659,1,658,25.628625000017564,1.7873789999248402,0.190182000033019
PQ - Lattice,Falcon-1024,NIST Level 5,1793,1274,1,1273,68.16485699998339,3.58348500005377,0.37849900000765047
PQ - Hash-based,SLH-DSA-SHA2-128s,NIST Level 1,32,7856,35,7821,387.6910339999631,2959.5152200000393,2.932793000018137
